{
  "full": {
    "mean": 0.9728666666666667,
    "std": 0.0017214335111566934,
    "min": 0.9715,
    "max": 0.9748,
    "n_seeds": 3
  },
  "amplitude_only": {
    "mean": 0.9225,
    "std": 0.0021000000000000224,
    "min": 0.921,
    "max": 0.9249,
    "n_seeds": 3
  },
  "phase_only": {
    "mean": 0.9709,
    "std": 0.002910326442171023,
    "min": 0.9687,
    "max": 0.9742,
    "n_seeds": 3
  },
  "sin_interference": {
    "mean": 0.9734666666666666,
    "std": 0.0028711205710198087,
    "min": 0.9703,
    "max": 0.9759,
    "n_seeds": 3
  },
  "no_norm": {
    "mean": 0.9666333333333333,
    "std": 0.00280059517483931,
    "min": 0.9634,
    "max": 0.9683,
    "n_seeds": 3
  }
}