{
  "baseline": {
    "mean": 0.97008,
    "std": 0.0018619881847100916,
    "min": 0.9674,
    "max": 0.9716,
    "ci_95": [
      0.9677680363059648,
      0.9723919636940354
    ],
    "n_seeds": 5
  },
  "qinn": {
    "mean": 0.9732,
    "std": 0.0032303250610426354,
    "min": 0.9692,
    "max": 0.9779,
    "ci_95": [
      0.969189021669208,
      0.977210978330792
    ],
    "n_seeds": 5
  },
  "paired_t_test": {
    "t_statistic": 1.4977514602858801,
    "p_value": 0.20855334721379776
  }
}